latitude,longitude,flood_height,elevation,precipitation
14.64039374,121.0557085,0,54.55329514,9
14.69829935,121.0021322,0,21.85627174,10
14.69885841,121.1002614,0,69.32280731,16
14.57131006,120.9833345,0,10.98724079,8
14.7622323,121.0757349,0,87.8898468,18
14.6011784,121.0885987,0,14.46373367,11
14.70803089,121.052674,0,45.00055313,12
14.70920612,121.0502922,0,43.22685242,13
14.70962531,121.0470059,0,43.1831131,12
14.66933825,121.1328981,0,48.27621078,17
14.72701256,121.0465953,0,53.30765152,13
14.6467477,121.0628002,0,62.10153198,10
14.685377,121.097061,0,82.23147583,15
14.39827,121.027496,0,37.07901764,10
14.630796,121.072151,0,52.1958313,10
14.630796,121.072144,0,52.1958313,10
14.630767,121.072205,0,52.1958313,10
14.732137,121.05455,0,69.5092392,14
14.61853,121.058342,0,51.15957642,9
14.636256,121.082314,0,36.83612442,11
14.636267,121.082298,0,36.83612442,11
14.655506,121.086761,0,38.09612274,12
14.620814,121.04863,0,41.84384155,9
14.625777,121.010796,0,14.08218002,8
14.627915,121.013458,0,17.34160995,8
14.630739,121.01638,0,15.07206821,8
14.632337,121.01889,0,18.18972778,8
14.633064,121.020218,0,20.27785683,8
14.632171,121.020737,0,21.97542953,8
14.628372,121.033974,0,31.17227745,8
14.626919,121.033798,0,30.39649773,8
14.621645,121.024658,0,23.37813568,8
14.622268,121.026466,0,27.1499157,8
14.622911,121.02906,0,29.51216125,8
14.623846,121.033134,0,30.46222878,8
14.630303,121.025757,0,28.51007652,8
14.673847,121.058876,0,52.80630112,11
14.673867,121.058884,0,52.80630112,11
14.496457,121.007439,0,9.468486786,6
14.43601,120.987564,0,22.66096306,7
14.658797,121.068962,0,71.50645447,11
14.616882,121.064957,0,51.65501404,9
14.658864,121.068886,0,71.50645447,11
14.608107,121.026985,0,14.76215363,8
14.432397,121.021523,0,36.54158401,8
14.657551,121.06768,0,69.71452332,11
14.668626,121.076752,0,75.05729675,13
14.626,121.026611,0,28.12487602,8
14.62723,121.026688,0,28.27770233,8
14.73695808,121.0482261,1,70.02470398,14
14.75731464,121.0731063,1,90.17043304,16
14.65751742,121.0685528,1,70.87406921,11
14.532866,121.01709,1,10.09697533,7
14.577561,121.032944,1,5.643910408,8
14.579244,120.980759,1,9.51047039,8
14.760815,120.949219,1,6.785119057,11
14.658828,120.973549,1,14.18831348,9
14.655185,121.029991,1,36.19387054,9
14.624199,121.019363,1,13.40828228,8
14.634741,121.082733,1,30.07551956,11
14.573636,121.047447,1,30.99565697,8
14.637704,121.08194,1,39.71067047,11
14.579095,120.989761,1,8.535161972,8
14.587903,121.018181,1,8.422194481,8
14.650555,121.068382,1,68.54673004,11
14.621697,121.013741,1,10.78000164,8
14.556985,121.106209,1,7.04073143,12
14.632706,121.029381,1,31.88755226,8
14.417307,120.976433,1,22.25920486,7
14.647015,121.054626,1,56.57465363,9
14.436197,120.978432,1,15.22909832,7
14.691085,121.07148,1,63.84148026,13
14.651697,121.054787,1,53.64758301,9
14.642209,120.994675,1,22.5617466,8
14.562364,121.09864,1,6.514240742,11
14.561425,121.100044,1,6.763588905,12
14.561882,121.096497,1,6.460706234,11
14.560345,121.10215,1,6.878732681,12
14.56834,121.086136,1,7.703298569,11
14.622787,120.98745,1,6.554628849,8
14.529148,121.061737,1,6.815510273,9
14.530374,121.058411,1,6.599003315,9
14.64822,121.06987,1,65.73006439,11
14.384552,121.051956,1,7.160135269,11
14.394217,121.044861,1,15.48237991,10
14.395953,121.044983,1,16.48077965,10
14.398239,121.045837,1,13.6267271,10
14.398566,121.046051,1,13.00619125,10
14.439605,121.024765,1,35.39329529,8
14.634455,121.122551,1,19.63062859,15
14.697852,121.010452,1,24.70691109,10
14.561508,121.095451,1,6.148144722,11
14.573107,121.024048,1,8.819694519,8
14.626929,121.07119,1,55.34355164,10
14.646795,121.015694,1,22.33689308,8
14.673514,121.060326,1,53.82743454,11
14.673639,121.060295,1,53.82743454,11
14.630033,121.056915,1,44.71358109,9
14.630656,121.061249,1,47.05640793,9
14.631175,121.055046,1,43.5621109,9
14.65751742,121.0685528,1,70.87406921,11
14.532866,121.01709,1,10.09697533,7
14.577561,121.032944,1,5.643910408,8
14.579244,120.980759,1,9.51047039,8
14.760815,120.949219,1,6.785119057,11
14.658828,120.973549,1,14.18831348,9
14.655185,121.029991,1,36.19387054,9
14.624199,121.019363,1,13.40828228,8
14.634741,121.082733,1,30.07551956,11
14.573636,121.047447,1,30.99565697,8
14.637704,121.08194,1,39.71067047,11
14.579095,120.989761,1,8.535161972,8
14.587903,121.018181,1,8.422194481,8
14.650555,121.068382,1,68.54673004,11
14.621697,121.013741,1,10.78000164,8
14.556985,121.106209,1,7.04073143,12
14.632706,121.029381,1,31.88755226,8
14.417307,120.976433,1,22.25920486,7
14.647015,121.054626,1,56.57465363,9
14.436197,120.978432,1,15.22909832,7
14.691085,121.07148,1,63.84148026,13
14.651697,121.054787,1,53.64758301,9
14.642209,120.994675,1,22.5617466,8
14.562364,121.09864,1,6.514240742,11
14.561425,121.100044,1,6.763588905,12
14.561882,121.096497,1,6.460706234,11
14.560345,121.10215,1,6.878732681,12
14.56834,121.086136,1,7.703298569,11
14.622787,120.98745,1,6.554628849,8
14.529148,121.061737,1,6.815510273,9
14.530374,121.058411,1,6.599003315,9
14.64822,121.06987,1,65.73006439,11
14.384552,121.051956,1,7.160135269,11
14.394217,121.044861,1,15.48237991,10
14.395953,121.044983,1,16.48077965,10
14.398239,121.045837,1,13.6267271,10
14.398566,121.046051,1,13.00619125,10
14.439605,121.024765,1,35.39329529,8
14.634455,121.122551,1,19.63062859,15
14.697852,121.010452,1,24.70691109,10
14.561508,121.095451,1,6.148144722,11
14.573107,121.024048,1,8.819694519,8
14.626929,121.07119,1,55.34355164,10
14.646795,121.015694,1,22.33689308,8
14.673514,121.060326,1,53.82743454,11
14.673639,121.060295,1,53.82743454,11
14.630033,121.056915,1,44.71358109,9
14.630656,121.061249,1,47.05640793,9
14.631175,121.055046,1,43.5621109,9
14.398914,121.046463,1,10.57996464,10
14.40649,121.046753,1,10.34284878,10
14.405944,121.046822,1,10.34284878,10
14.406526,121.046745,1,10.34284878,10
14.413447,121.045898,1,19.74563217,10
14.413868,121.045853,1,20.49467278,10
14.643273,121.116173,1,21.86725807,14
14.627425,121.007721,1,14.36435032,8
14.443823,121.004662,1,22.67261505,7
14.650815,121.04908,1,49.81335831,9
14.65808,121.066589,1,68.61908722,10
14.454774,120.990021,1,13.34719563,6
14.420466,120.9254,1,12.30552197,6
14.6475972,121.0599171,1,61.57303619,10
14.699569,121.057083,1,56.9978714,12
14.65384693,121.0662042,1,66.52373505,10
14.64546504,121.0687576,1,61.65530396,11
14.651707,121.101654,1,14.54311562,14
14.656518,121.035606,1,41.16727448,9
14.55924014,121.0268114,1,35.76551437,8
14.47374798,121.0342896,1,26.41462135,8
14.5020619,120.9945819,1,6.407092571,6
14.56555891,121.0784492,1,9.165306091,10
14.65894332,120.9896038,1,25.18369675,9
14.41341072,121.0137265,1,47.61797333,9
14.41744718,120.9659277,1,23.2471199,7
14.64874797,121.0706492,1,67.34409332,11
14.6532107,121.0661109,1,66.78636169,10
14.70417296,121.053848,1,48.01903152,12
14.65877999,121.0199918,1,24.35269356,9
14.65748498,121.069201,1,71.97007751,11
14.65620995,121.0645251,1,65.68758392,10
14.68422139,121.0223508,1,31.50296593,10
14.74900935,120.9698305,1,10.55716133,11
14.58819387,120.9691451,1,8.058929443,8
14.64719069,121.0689489,1,64.26390076,11
14.65405966,121.0623345,1,61.39094925,10
14.71596886,121.1105927,1,51.44949341,18
14.57064577,121.1334611,1,17.92002106,15
14.60034911,121.1180279,1,11.49376297,14
14.60033873,121.1187575,1,11.7881403,14
14.60031796,121.1195192,1,11.7881403,14
14.60113817,121.1200879,1,12.31499767,14
14.60032834,121.12012,1,12.15968513,14
14.59998572,121.1201415,1,12.02740574,14
14.60077478,121.1180172,1,11.49376297,14
14.60073326,121.1191115,1,11.7881403,14
14.60145483,121.1170355,1,11.24667835,14
14.60075402,121.1200986,1,12.15968513,14
14.60120046,121.1156569,1,10.89185715,13
14.60142368,121.1186234,1,11.50854111,14
14.62820144,121.0773665,2,30.427145,11
14.61515518,120.9956548,2,8.328502655,8
14.533759,121.024834,2,17.21850967,7
14.650565,121.115189,2,26.14449883,15
14.616641,121.044144,2,37.54481125,9
14.579534,121.020325,2,8.821003914,8
14.571518,121.016319,2,7.404438019,7
14.571284,121.018105,2,7.445783138,8
14.55265,120.996239,2,10.39242363,7
14.553486,120.996651,2,9.736071587,7
14.578215,120.993439,2,7.969151974,8
14.577011,120.990547,2,8.119840622,8
14.57874,120.990402,2,8.088008881,8
14.560067,121.043945,2,20.77256775,8
14.521276,120.993462,2,5.916169643,6
14.595046,121.082558,2,13.27893448,10
14.460613,121.017151,2,18.02153587,7
14.651946,121.062386,2,61.34733963,10
14.641732,121.078133,2,58.71344376,11
14.567219,121.091141,2,6.173615932,11
14.584393,121.091347,2,8.36093235,11
14.584456,121.091293,2,8.36093235,11
14.584414,121.091324,2,8.36093235,11
14.636635,121.052071,2,50.62649918,9
14.646912,121.052124,2,54.67752075,9
14.651946,121.05896,2,57.4038887,10
14.592232,120.989479,2,8.059530258,8
14.520362,121.001579,2,7.374724865,6
14.51764,121.001045,2,6.968441963,6
14.537758,121.00209,2,7.857555389,7
14.627375,121.079659,2,14.20392418,11
14.570023,121.037727,2,9.429938316,8
14.667837,121.033997,2,39.84330368,10
14.660966,121.036667,2,42.01483154,9
14.560963,121.099831,2,6.773479462,11
14.561497,121.095207,2,6.148144722,11
14.560921,121.100975,2,6.844926834,12
14.567053,121.094116,2,5.353973389,11
14.558309,121.006996,2,8.089800835,7
14.558496,121.007591,2,9.384431839,7
14.660377,120.952049,2,5.943283081,9
14.568392,121.08593,2,7.703298569,11
14.669301,120.948036,2,7.236624241,9
14.686156,121.082298,2,79.67933655,13
14.537477,121.022072,2,14.45121384,7
14.601798,121.005157,2,7.805001736,8
14.591486,120.997597,2,7.144968987,8
14.669887,121.108414,2,19.0633049,15
14.669228,121.109154,2,18.94224358,15
14.498872,121.005341,2,7.171925545,6
14.486625,121.044853,2,33.51586914,8
14.554716,121.024361,2,20.66172218,7
14.465848,121.020157,2,21.36577034,7
14.529044,121.05719,2,7.636600971,8
14.647306,121.070915,2,64.04302216,11
14.647763,121.074326,2,67.07157135,11
14.65862,121.104362,2,16.31342697,14
14.669124,121.108368,2,18.76385498,15
14.383555,121.051544,2,6.945338249,11
14.395807,121.044945,2,16.48077965,10
14.398421,121.045959,2,13.00619125,10
14.413852,121.045853,2,20.49467278,10
14.413639,121.045891,2,20.49467278,10
14.395023,121.044907,2,15.75797844,10
14.406428,121.046761,2,10.34284878,10
14.604909,120.978249,2,13.4915123,8
14.546741,121.019897,2,11.8751688,7
14.433101,121.027031,2,32.82038879,9
14.653529,121.052765,2,49.84909439,9
14.711716,121.048546,2,42.68395996,12
14.640019,121.070427,2,53.15977097,10
14.63977,121.069359,2,53.45264435,10
14.640517,121.06852,2,54.53970718,10
14.712961,121.049377,2,43.36603165,12
14.633396,121.095001,2,13.57764435,12
14.66462,121.047516,2,47.75509262,9
14.395828,121.04493,2,16.48077965,10
14.641254,121.072372,2,57.44963455,10
14.661713,121.05751,2,58.79624939,10
14.660364,121.063667,2,66.046875,11
14.661962,121.057404,2,58.79624939,10
14.665512,121.032898,2,38.20153809,9
14.660239,121.063095,2,64.8717041,11
14.54915,121.016808,2,8.467744827,7
14.553699,121.023094,2,17.14247322,7
14.602594,120.968575,2,13.05531406,8
14.50996,121.038483,2,25.63409233,7
14.621811,121.013779,2,10.78000164,8
14.665512,121.079872,2,74.7150116,12
14.669114,121.06913,2,62.46012115,12
14.67338,121.061699,2,55.14506149,11
14.665419,121.079918,2,74.7150116,12
14.673463,121.06163,2,56.04774475,11
14.384449,121.051331,2,7.160135269,11
14.390809,121.051781,2,4.226380348,11
14.391017,121.05172,2,4.226380348,11
14.39615,121.04509,2,16.48077965,10
14.395049,121.045006,2,15.75797844,10
14.406485,121.046753,2,10.34284878,10
14.406059,121.046814,2,10.34284878,10
14.63281087,121.0567061,3,45.28052521,9
14.69423373,121.0438997,3,57.37557602,11
14.65316602,121.0523604,3,50.61065674,9
14.60448455,121.1053666,3,11.6573019,12
14.55853416,121.0422729,3,19.00971031,8
14.55556422,121.0420154,3,20.61024094,8
14.55689343,121.0411786,3,19.23730469,8
14.55586537,121.0411035,3,19.49484253,8
14.5563119,121.0407387,3,19.23730469,8
14.55881454,121.0415648,3,19.00971031,8
14.55884569,121.04017,3,19.42672539,8
14.63823121,121.1325798,3,48.56585312,16
14.56686502,121.0989199,3,5.408929348,11
14.55820186,121.0408138,3,19.33556175,8
14.55674804,121.0407494,3,19.23730469,8
14.62327609,121.1145303,3,13.32336712,14
14.64076528,121.071159,3,54.99875641,10
14.60160407,121.1228452,3,14.102952,14
14.665548,121.045967,3,45.58530426,9
14.617305,121.041695,3,34.8786087,9
14.597216,121.039185,3,23.64037132,8
14.534486,121.016167,3,9.45737648,7
14.539097,121.015717,3,10.57481289,7
14.613651,121.023849,3,14.22672844,8
14.57065,121.014793,3,8.220898628,7
14.571611,121.01432,3,7.911450386,7
14.572068,121.013832,3,8.072649002,7
14.55239,121.099525,3,6.333878517,11
14.355784,121.065559,3,6.787098408,12
14.349943,121.068497,3,8.590477943,13
14.350712,121.068199,3,8.211164474,13
14.666493,121.038048,3,40.50823593,9
14.575879,121.000221,3,7.06804657,8
14.553979,120.997131,3,9.310301781,7
14.671247,121.05587,3,49.55818558,10
14.573283,121.04393,3,25.25764656,8
14.640891,121.074059,3,58.67768478,10
14.41074,121.006165,3,43.60895157,8
14.789655,120.942825,3,9.416072845,12
14.568725,121.031708,3,9.33285141,8
14.591558,120.978699,3,10.05172253,8
14.548029,121.038956,3,29.30231476,8
14.560285,121.043465,3,19.64832687,8
14.56832,121.019272,3,9.878499985,8
14.542462,121.082916,3,6.179468632,10
14.473245,120.984192,3,9.044299126,6
14.582545,121.092896,3,7.744847775,11
14.593717,121.050453,3,35.76765442,9
14.562982,121.141777,3,21.22628212,0
14.61985,121.097992,3,14.42900658,12
14.619454,121.097969,3,14.42900658,12
14.654821,121.065636,3,66.33850861,10
14.60466,120.978386,3,13.85179329,8
14.61199,120.966164,3,7.486672401,8
14.621956,121.087013,3,11.80516338,11
14.666581,121.104134,3,15.84817791,14
14.660063,121.047577,3,48.60609818,9
14.660405,121.044502,3,46.58438492,9
14.659134,121.04631,3,47.78329468,9
14.56265,121.024361,3,26.71975517,7
14.59392,121.018372,3,10.32829285,8
14.699507,121.056007,3,56.1710434,12
14.597019,121.031807,3,12.63677216,8
14.641846,121.109375,3,15.05720997,14
14.642033,121.110619,3,15.97343063,14
14.627406,121.079666,3,14.20392418,11
14.697649,121.067642,3,60.45877075,13
14.699242,121.06414,3,59.51705933,12
14.636173,121.127266,3,30.24721527,16
14.541195,121.018356,3,12.95113468,7
14.543085,121.107597,3,5.841255188,12
14.598389,121.078819,3,19.55021477,10
14.641968,121.112846,3,16.91910172,14
14.455044,120.96711,3,8.156889915,6
14.632389,121.047813,3,45.84997177,9
14.658501,121.035088,3,41.5723877,9
14.594216,121.020393,3,9.969342232,8
14.592887,121.018265,3,10.00543785,8
14.661267,121.044334,3,45.83709717,9
14.410065,121.051376,3,4.593252182,10
14.410059,121.051361,3,4.593252182,10
14.659181,121.034081,3,41.11724091,9
14.618484,121.083931,3,11.29314137,11
14.555869,121.073036,3,7.826174259,9
14.561248,121.094307,3,5.883482933,11
14.563187,121.004684,3,6.236525059,7
14.566043,121.003136,3,7.431435108,7
14.578709,120.99836,3,7.365716457,8
14.581027,120.999161,3,6.936134338,8
14.581149,121.000252,3,6.647537231,8
14.583578,121.002541,3,5.968069077,8
14.577514,121.028717,3,7.634351254,8
14.66901,121.110535,3,19.01361084,15
14.657676,121.035904,3,41.96430969,9
14.630303,121.000458,3,17.20436668,8
14.608069,121.101326,3,11.54842091,12
14.54187,121.019562,3,13.25890827,7
14.540988,121.018425,3,12.79767609,7
14.536688,121.020798,3,13.49860668,7
14.490198,121.027107,3,16.85187912,7
14.45785561,120.9837565,4,11.21678448,6
14.55823301,121.0421012,4,19.00971031,8
14.55917799,121.0407709,4,17.17121887,8
14.55593806,121.0416292,4,20.61024094,8
14.5579111,121.0422085,4,19.85037804,8
14.530083,121.01664,4,8.85619545,7
14.530374,121.021439,4,9.111893654,7
14.533531,121.013397,4,8.082560539,7
14.531059,121.018951,4,9.768743515,7
14.637403,121.103584,4,14.28956699,13
14.634486,121.098351,4,15.20520401,12
14.61361,121.051399,4,49.55124283,9
14.612883,121.052063,4,50.59967041,9
14.659658,121.107964,4,18.77829742,14
14.633459,121.070702,4,52.33348465,10
14.65069,121.029961,4,34.9414444,9
14.618302,121.035172,4,27.51130104,8
14.547198,121.06916,4,7.531444073,9
14.633308,121.082825,4,25.73048592,11
14.560106,121.044884,4,22.61126328,8
14.665284,121.031723,4,37.21630478,9
14.618863,121.097946,4,14.50588226,12
14.631528,121.064362,4,49.46543884,9
14.667022,121.103928,4,16.19915771,14
14.666078,121.104546,4,16.23520279,14
14.672897,121.051331,4,49.59843445,10
14.613329,121.116211,4,12.08116436,13
14.595581,121.029922,4,10.44314098,8
14.621084,121.014,4,10.27669716,8
14.624375,121.015541,4,11.00888348,8
14.618522,121.068626,4,47.92350769,10
14.618717,121.092491,4,14.43467999,12
14.635036,121.101906,4,14.34154415,13
14.526957,120.999748,4,8.248314857,6
14.616703,120.977318,4,7.150371552,8
14.625969,121.02401,4,23.92387199,8
14.570438,121.038261,4,9.429938316,8
14.568569,121.034081,4,7.178058147,8
14.640385,121.113068,4,16.92028046,14
14.591267,121.02005,4,9.651410103,8
14.594755,121.019104,4,10.30789948,8
14.600362,121.016747,4,13.04177952,8
14.590208,121.09938,4,10.50443459,12
14.594423,121.102013,4,10.05007362,12
14.638805,121.033798,4,34.31608582,8
14.634081,120.978569,4,8.572677612,8
14.565142,120.998184,4,9.774028778,7
14.577649,121.029068,4,7.634351254,8
14.667982,121.034637,4,39.84330368,10
14.668906,121.110481,4,19.01361084,15
14.53486,121.014397,4,8.122948647,7
14.478439,120.998512,4,8.905485153,6
14.624386,121.119545,4,15.46505642,14
14.620378,121.118965,4,13.39305782,14
14.631746,120.999718,4,17.18240166,8
14.636619,121.001183,4,17.80368614,8
14.66928,121.111153,4,19.1089344,15
14.683795,120.958717,4,4.812416554,9
14.69259,120.951347,4,4.208734512,9
14.68628,120.957222,4,4.934066296,9
14.628901,121.097656,4,14.11030769,12
14.629486,121.04184,4,37.87605286,9
14.629484,121.041824,4,37.87605286,9
14.62951,121.041824,4,37.87605286,9
14.629501,121.041801,4,37.87605286,9
14.669762,121.110023,4,19.27323532,15
14.691998,121.126732,4,20.5064106,19
14.471396,121.016853,4,16.38163567,7
14.471827,120.988525,4,8.102254868,6
14.647534,121.106583,4,15.90815449,13
14.473401,120.997192,4,9.837439537,6
14.471645,120.988525,4,8.102254868,6
14.631268,121.082771,4,20.20889854,11
14.602158,121.123383,4,14.3761692,14
14.638768,121.112946,4,15.64385414,14
14.711529,121.049553,4,42.60497284,12
14.573018,121.108444,4,6.488599777,13
14.622932,121.114227,4,13.2008152,14
14.635805,121.097336,4,15.5056181,12
14.63268,121.096939,4,14.46291733,12
14.67285,121.042641,4,45.0014267,10
14.53027,121.066589,4,5.974450111,9
14.481306,120.99659,4,7.461110592,6
14.740521,120.957413,4,6.594186306,11
14.594133,121.019424,4,10.13719749,8
14.652039,121.055046,4,54.80509567,9
14.550614,121.015701,4,9.201537132,7
14.607848,120.990982,4,8.247900009,8
14.633469,121.000336,4,17.34593773,8
14.556253,121.008827,4,8.715724945,7
14.612172,121.117683,4,12.63231087,14
14.603305,121.128807,4,21.00932121,15
14.525575,121.027077,4,16.74739075,7
14.611274,121.098068,4,12.416152,12
14.616433,121.104271,4,14.17721748,13
14.609945,121.11692,4,12.4491148,14
14.566845,121.098862,4,5.408929348,11
14.648048,121.094017,4,13.01085758,13
14.647996,121.093994,4,13.01085758,13
14.647996,121.093994,4,13.01085758,13
14.63190797,121.1072669,5,12.03345871,13
14.6319443,121.1066232,5,12.12994385,13
14.55523191,121.0412858,5,20.89860344,8
14.55553306,121.0413824,5,19.49484253,8
14.55652997,121.0419725,5,20.20855904,8
14.55687266,121.0419188,5,20.20855904,8
14.67932547,121.1222698,5,19.7118454,17
14.543708,121.001015,5,9.535283089,7
14.596681,121.039314,5,23.64037132,8
14.671283,121.05835,5,49.76227188,11
14.616895,121.10804,5,12.98836327,13
14.616916,121.107651,5,12.98836327,13
14.623617,121.112251,5,13.00178528,14
14.61859,121.09758,5,14.4274931,12
14.42005,121.05011,5,8.097060204,10
14.583931,121.105103,5,10.69709778,12
14.61743,121.108604,5,12.84120941,14
14.656129,121.093666,5,12.42984772,13
14.624822,121.111565,5,12.87277031,14
14.600237,121.115257,5,11.15548897,13
14.600445,121.115402,5,11.15548897,13
14.599791,121.121414,5,12.42877769,14
14.398312,121.036201,5,28.98892403,10
14.620275,121.1203,5,13.60139561,14
14.630796,121.002609,5,17.62105179,8
14.601727,121.108665,5,11.36573792,13
14.599801,121.121368,5,12.42877769,14
14.599864,121.115425,5,11.36539459,13
14.60466,121.108559,5,11.1123867,13
14.620773,121.121529,5,14.2806778,14
14.540967,121.018448,5,12.79767609,7
14.604131,121.108498,5,11.1123867,13
14.427459,121.047668,5,7.356115818,9
14.63514,121.121521,5,18.58375549,15
14.671875,121.045654,5,46.51029968,10
14.630033,121.081802,5,19.77731514,11
14.651064,121.095093,5,10.23482227,13
14.609976,121.106209,5,12.34927082,13
14.610765,121.106277,5,12.30425453,13
14.608875,121.107361,5,11.06090069,13
14.609862,121.104042,5,12.55914688,13
14.611139,121.104401,5,13.23199272,13
14.60846,121.106499,5,11.16278648,13
14.607858,121.105049,5,11.36173821,12
14.606176,121.106331,5,11.05264759,12
14.621873,121.111755,5,12.86207676,14
14.589504,121.016899,5,8.357739449,8
14.589987,121.018524,5,9.051987648,8
14.594509,121.024513,5,10.09431458,8
14.591376,121.018852,5,9.540175438,8
14.590177,121.017097,5,8.786536217,8
14.58925,121.019455,5,9.116845131,8
14.622745,121.064468,5,50.0928688,9
14.601047,121.01651,5,13.04177952,8
14.601037,121.016541,5,13.04177952,8
14.664184,121.0467,5,46.82641983,9
14.612717,121.100494,5,13.64764786,13
14.621022,121.014145,5,9.971819878,8
14.634621,121.022728,5,28.25367737,8
14.629223,121.012367,5,15.56914234,8
14.622683,121.06459,5,50.0928688,9
14.622776,121.064476,5,50.0928688,9
14.622808,121.064507,5,50.0928688,9
14.624905,121.111313,5,12.84852314,14
14.6257,121.111618,5,12.84852314,14
14.602464,121.039955,5,24.87619019,8
14.602392,121.040016,5,24.87619019,8
14.629913,121.00605,5,15.4329319,8
14.598898,121.118729,5,11.65563965,14
14.621666,121.100876,5,14.19235229,13
14.649439,121.101501,5,14.0190773,13
14.650648,121.102882,5,15.48737717,14
14.605506,121.102524,5,11.35504341,12
14.63268,121.106598,5,12.20252514,13
14.582805,121.109932,5,10.2899313,13
14.679794,121.08091,5,79.89939117,13
14.598535,121.110237,5,11.48142529,13
14.598701,121.110275,5,11.48142529,13
14.616423,121.110489,5,12.11212826,13
14.606423,121.100594,5,11.58815479,12
14.606425,121.100601,5,11.58815479,12
14.604816,121.01844,5,12.91897297,8
14.597372,120.998611,5,7.701166153,8
14.68865811,121.1194227,5,15.05290508,17
14.75389997,121.071674,5,91.83377838,16
14.65293863,121.0154388,5,19.45046806,9
14.61010184,120.9912882,5,7.492304325,8
14.35178653,121.0831753,5,7.673732281,13
14.59223902,121.1052338,5,10.75636387,12
14.61940399,121.1092798,5,12.87137318,14
14.58274898,121.109992,5,10.2899313,13
14.77804596,120.9327513,5,6.340265751,11
14.55817575,121.0856751,5,6.393112183,11
14.78002418,120.9338916,5,6.862124443,11
14.71270841,120.9351347,5,2.328000784,10
14.70862759,120.937479,5,2.456408501,10
14.70814505,120.9383695,5,2.56843996,9
14.72060261,120.928617,5,2.848080635,10
14.73800879,120.9169494,5,2.440070391,10
14.63677639,121.019055,5,19.4434948,8
14.5983466,121.0269777,6,12.5956707,8
14.63492504,121.0210028,6,23.33923721,8
14.59895931,121.0252462,6,11.6390543,8
14.70943961,121.0506087,6,43.22685242,13
14.65488491,121.0670571,6,67.05369568,11
14.565641,121.011658,6,10.94744015,7
14.607827,121.018394,6,11.95184231,8
14.595316,121.028313,6,9.64952755,8
14.556637,121.041611,6,20.20855904,8
14.582836,121.036186,6,12.38491249,8
14.622844,121.098801,6,14.33969498,12
14.651624,121.030518,6,36.35072708,9
14.67449,121.101616,6,21.37407684,14
14.702003,121.017838,6,29.57224846,11
14.62968,121.082855,6,17.13690376,11
14.64222,121.068733,6,57.07924271,11
14.558662,121.04702,6,26.75071335,8
14.618113,121.097862,6,14.61956024,12
14.630593,121.063095,6,48.1622963,9
14.603664,121.038574,6,23.76216698,8
14.632462,121.047897,6,45.84997177,9
14.625434,121.011765,6,13.90944386,8
14.621198,121.022461,6,17.43413353,8
14.611834,121.022018,6,11.20468712,8
14.611925,121.022064,6,11.20468712,8
14.502351,121.021317,6,13.44190693,7
14.625268,121.011917,6,13.90944386,8
14.62397,121.096054,6,14.61678791,12
14.62881,121.057579,6,44.73551559,9
14.687832,121.10836,6,22.93479729,16
14.61988,121.111694,6,12.69048309,14
14.679311,121.106926,6,18.44824982,15
14.587194,121.09568,6,8.963248253,12
14.586906,121.096413,6,9.178136826,12
14.589824,121.095337,6,10.35624695,12
14.632441,121.001678,6,17.53461838,8
14.619615,121.118477,6,12.98707104,14
14.65151,121.012573,6,18.15015984,9
14.631465,121.002289,6,17.77651024,8
14.633619,121.087936,6,12.28647995,12
14.630884,121.08062,6,27.09280014,11
14.611152,121.111336,6,9.681079865,13
14.670131,121.109665,6,19.27323532,15
14.471676,121.016365,6,15.57411575,7
14.484786,120.993698,6,4.815274239,6
14.472632,121.022652,6,18.26162148,7
14.487871,121.035736,6,23.17574883,8
14.551227,121.015991,6,9.220272064,7
14.682741,121.03363,6,43.41870499,10
14.648074,121.099808,6,13.81785488,13
14.659772,121.106422,6,18.08434105,14
14.663083,121.106361,6,17.22213173,14
14.658184,121.105904,6,16.91053772,14
14.662513,121.107605,6,18.06686401,14
14.665883,121.033203,6,39.12088776,9
14.711342,121.05024,6,42.45632172,13
14.711135,121.047447,6,42.63944626,12
14.627687,121.109879,6,12.37194538,14
14.529693,121.023361,6,12.70777893,7
14.612343,121.101891,6,13.34835339,13
14.62465,121.10302,6,13.3708601,13
14.624541,121.103027,6,13.3708601,13
14.62723,121.106201,6,12.18655586,13
14.65533,121.017212,6,21.38094902,9
14.624619,121.102966,6,13.3708601,13
14.60322,121.020233,6,12.2189579,8
14.635016,120.994987,6,16.73276711,8
14.671511,120.978592,6,12.88090611,9
14.589003,121.016739,6,8.016580582,8
14.590067,121.017517,6,8.786536217,8
14.588977,121.017448,6,8.357739449,8
14.589037,121.0186,6,8.732794762,8
14.588001,121.016075,6,7.566919804,8
14.588848,121.017494,6,8.357739449,8
14.588785,121.018547,6,8.732794762,8
14.569488,121.112183,6,5.554299831,13
14.600694,121.114975,6,11.15548897,13
14.62478,121.012299,6,12.88821793,8
14.495714,121.006538,6,9.170670509,6
14.591256,121.10508,6,11.091609,12
14.495683,121.006531,6,9.170670509,6
14.615265,121.016685,6,11.25654411,8
14.63316,121.003044,6,17.30123329,8
14.612483,121.101868,6,13.34835339,13
14.639697,121.012222,6,16.6934185,8
14.638856,121.007317,6,15.01391792,8
14.638659,121.006683,6,15.95115566,8
14.620991,121.100708,6,14.30579948,13
14.64986,121.095985,6,11.31216908,13
14.68436,121.116302,6,16.99907112,16
14.68435,121.116272,6,16.99907112,16
14.652045,121.070961,6,71.93280029,11
14.65164022,121.0712843,6,72.10606384,11
14.64370855,121.0663438,6,58.29022598,10
14.634346,121.085678,6,16.77114868,12
14.683106,121.113045,6,17.46842003,16
14.502351,121.021317,6,13.44190693,7
14.526178,121.012428,6,9.926454544,7
14.71134112,121.0522538,6,44.42053604,13
14.7079375,121.0532104,6,46.0112648,12
14.64106993,121.0349901,7,37.93583298,8
14.71132425,121.0522591,7,44.42053604,13
14.68667083,121.1137886,7,17.57505608,16
14.58558877,121.1002181,7,9.42727375,12
14.617472,121.006508,7,15.51520824,8
14.587571,121.061783,7,48.55954361,9
14.64113,121.035049,7,37.93583298,8
14.640953,121.033073,7,34.91321564,8
14.664028,121.102348,7,14.46951962,14
14.621136,121.014069,7,10.27669716,8
14.653835,121.004387,7,20.15904617,9
14.59725907,121.0393675,7,23.83221436,8
14.604453,121.017731,7,12.91897297,8
14.583298,121.099289,7,8.169425964,11
14.632939,120.998138,7,16.63764763,8
14.631507,121.004128,7,17.09128761,8
14.644586,121.002563,7,16.40528107,8
14.681911,121.032234,7,41.92711639,10
14.668818,121.128578,7,34.52879715,17
14.71211,121.047409,7,42.72399521,12
14.671423,121.045021,7,45.20899582,10
14.633728,121.004051,7,17.19045639,8
14.629026,121.090195,7,9.960495949,12
14.632877,121.089851,7,10.59545422,12
14.626742,121.090485,7,9.61300087,12
14.655278,121.018517,7,22.82368088,9
14.630734,121.007767,7,13.3545351,8
14.629737,121.005554,7,15.4329319,8
14.632924,121.002029,7,17.43977165,8
14.631164,121.091583,7,10.73239899,12
14.64467,121.011902,7,17.99255753,8
14.640092,121.01313,7,17.32759857,8
14.64133982,121.0348614,7,37.93583298,8
14.619678,121.017693,7,10.58500099,8
14.70921131,121.0502868,7,43.22685242,13
14.70804127,121.0526418,7,45.00055313,12
14.7164284,121.0440741,7,42.03878021,12
14.58875573,121.096357,7,9.943797112,12
14.58997298,121.094108,7,10.30975819,12
14.60295377,121.0177991,7,12.69426155,8
14.74150283,120.9566139,7,6.507717133,11
14.67939293,121.1102106,7,17.44584465,16
14.75217129,120.9523418,7,6.696405411,11
14.58884918,120.9810381,7,9.393705368,8
14.59268044,121.0590716,7,41.89830017,9
14.55231904,121.056156,7,33.20820236,8
14.71130925,121.0522582,8,44.42053604,13
14.65530539,121.0991357,8,10.88764286,13
14.626109,121.083412,8,7.56526804,12
14.626555,121.081902,8,7.893521786,11
14.618894,121.014801,8,10.3237648,8
14.618883,121.014824,8,10.3237648,8
14.65027,121.092888,8,11.60611248,13
14.626682,121.089935,8,9.235443115,12
14.58348,121.098778,8,8.169425964,12
14.641275,121.072372,8,57.44963455,10
14.581631,120.995041,8,7.397015095,8
14.650223,121.013206,8,19.0534687,9
14.629202,121.088768,8,9.549278259,12
14.633132,121.088844,8,11.0495348,12
14.710139,121.048477,8,42.62921524,12
14.710616,121.050064,8,42.27750778,13
14.626649,121.082253,8,7.893521786,11
14.635597,121.008163,8,14.84647942,8
14.618904,121.014641,8,10.3237648,8
14.639334,121.007561,8,14.58782768,8
14.66463,121.102509,8,14.9477272,14
14.635597,121.008247,8,13.94814873,8
14.636261,121.00975,8,13.44750309,8
14.630479,121.010735,8,13.52340889,8
14.629348,121.008484,8,13.48087883,8
14.632122,121.007233,8,14.18692207,8
14.67352,121.105232,8,17.96480751,14
14.59368486,121.0267772,8,9.864533424,8
14.656171,121.104012,8,15.58015823,14
14.665305,121.102295,8,14.85592175,14
14.653243,121.102036,8,14.38801861,14
14.66298,121.101425,8,13.6278801,14
14.639812,121.102638,8,14.46305656,13
14.70955786,121.0471614,8,43.67641068,12
14.7095371,121.0473009,8,43.3300705,12
14.62435872,121.0827774,8,7.549823761,11
14.62691249,121.0828632,8,8.830662727,11
14.62862254,121.0879134,8,9.098829269,12
14.62533507,121.0813548,8,9.133378029,11
14.64586982,121.0582066,8,60.24240494,9
14.65483815,121.0720441,8,73.89239502,11
14.54444719,120.9889493,8,5.581744194,7
14.66321967,120.993788,8,25.16797256,9
14.6341139,121.0465953,8,48.39989853,9
14.62610513,121.0219203,8,20.29195595,8
14.62552708,121.0178407,8,12.40543652,8
14.62566912,121.0208501,8,17.63060761,8
14.70942814,121.047714,8,43.3300705,12
14.62604095,121.0190584,8,14.58602428,8
14.60503555,120.9854208,8,11.08150578,8
14.5887765,120.9810649,8,9.393705368,8
14.62537196,121.1244772,8,23.29200935,15
14.58647797,121.1148562,8,11.57409382,13
14.56543575,121.1320759,8,12.00650501,14
14.63378496,120.9784651,8,8.572677612,8
14.56316553,121.121095,8,5.772884846,13
14.54921401,121.0280143,8,22.34260178,7
14.65701285,121.0544233,8,53.46640396,9
14.64664833,120.9774641,0,13.41032124,8
14.65245154,121.0711321,0,72.10606384,11
14.64705891,121.0633365,0,62.79132843,10
14.63332236,121.0702363,0,52.53224182,10
14.7871457,121.0678921,0,74.24972534,19
14.66891789,121.1285958,0,34.52879715,17
14.64243283,121.0945461,0,14.89086914,13
14.64326955,121.0691473,0,58.65694809,11
14.64325917,121.0691366,0,58.65694809,11
14.64675732,121.0678492,0,62.94800568,11
14.65359257,121.0629944,0,62.86362839,10
14.6524417,121.0689194,0,71.25192261,11
14.65196681,121.0685948,0,71.25192261,11
14.65196422,121.0685868,0,71.25192261,11
14.65219777,121.068635,0,71.25192261,11
14.52317247,121.0164366,0,13.18045425,6
14.56631963,121.0249588,0,9.973278999,7
14.52881038,121.0167678,0,8.945150375,7
14.62818846,121.0773701,0,30.427145,11
14.6018221,121.1076531,0,11.44871426,12
14.70572983,121.0210783,0,31.77058792,11
14.6163296,121.1113251,0,11.98976326,13
14.73141728,121.0524426,0,65.03126526,14
14.64305157,120.9894321,0,21.09352112,8
14.55829912,121.0450916,0,24.07060623,8
14.6870982,121.0479928,0,56.10432434,11
14.66243469,121.0164964,0,21.91296005,9
14.61665559,121.1092245,0,12.34275627,13
14.66099328,121.0665295,0,69.86636353,11
14.65897965,121.0695229,0,72.51237488,11
14.68091584,121.0887489,0,76.35669708,14
14.50541168,121.0278842,0,16.20545387,7
14.57645147,121.0273545,0,6.760146141,8
14.36687033,121.0387096,0,30.00828171,11
14.63670485,121.0520746,0,50.62649918,9
14.6536767,121.0213324,0,27.52765656,9
14.58058062,121.0320441,0,9.765218735,8
14.59012093,121.0918818,0,10.62339592,12
14.66700502,121.0736255,0,71.04712677,12
14.67367919,120.9817158,0,14.06965637,9
14.64971225,121.1164345,0,27.64129829,14
14.55717885,121.0840175,0,6.53900528,11
14.54496125,121.1158661,0,5.951792717,13
14.52026732,121.0749712,0,5.687270641,9
14.51937411,121.0729005,0,6.218855381,9
14.64700126,121.0338387,0,36.92848206,9
14.62797617,121.0821239,0,12.46658134,11
14.62800213,121.08214,0,12.46658134,11
14.62729621,121.0810993,0,11.18562984,11
14.6462435,121.0580725,0,60.24240494,9
14.57662799,121.059588,0,43.9188652,9
14.57818551,121.0612617,0,42.41624069,9
14.59202228,121.1064032,0,10.85653877,12
14.64085611,121.1016879,0,14.59558487,13
14.55582368,121.0861847,0,6.56633234,11
14.69973452,121.1060426,0,38.57157516,16
14.70059586,121.106284,0,33.96656418,16
14.70063737,121.1057476,0,37.78498077,16
14.56336268,121.0654137,0,16.55270767,9
14.664063,121.0688362,0,68.48417664,11
14.57420603,121.0010353,0,7.007454395,7
14.61340326,120.9942815,0,7.53836298,8
14.42858768,121.0101817,0,35.55623627,8
14.42872535,121.0101495,0,35.32164383,8
14.49015137,120.9858534,0,7.319550991,6
14.53578852,121.0605348,0,6.428440571,9
14.53582747,121.0605133,0,6.428440571,9
14.53721911,121.0598884,0,6.584527493,9
14.6576251,120.9734032,0,14.03080082,9
14.58231807,120.9844861,0,10.0827713,8
14.57782852,121.032579,0,5.643910408,8
14.59991824,120.999249,0,7.400753021,8
14.60009993,120.9989969,0,7.400753021,8
14.57829454,121.0346863,0,9.66927433,8
14.57813879,121.0326586,0,5.643910408,8
14.57783631,121.033153,0,6.829003811,8
14.57792457,121.0336089,0,6.829003811,8
14.37034167,121.0542343,0,9.440653801,11
14.60051912,120.9966741,0,7.576384068,8
14.657755,120.9485029,0,6.063254356,9
14.69149523,121.123108,0,17.1396637,17
14.63501272,121.0067593,0,15.32969093,8
14.70836282,120.9384916,0,2.56843996,10
14.70822792,120.9382234,0,2.56843996,9
14.7080982,120.9379659,0,2.56843996,9
14.61926146,120.9654923,0,6.741461754,8
14.61699829,120.975041,0,7.337886333,8
14.53430285,120.9982596,0,7.593818665,7
14.53429506,120.9982649,0,7.593818665,7
14.75409159,120.9463342,0,5.655780792,11
14.70891599,120.9436068,0,3.204022646,10
14.56513322,121.0035934,0,6.823701859,7
14.45942061,120.9596904,0,6.310177326,6
14.45927387,120.9595965,0,6.4934659,6
14.56089139,121.0134338,0,22.42311859,7
14.58104628,121.0331373,0,10.93452549,8
14.55686701,121.0056237,0,7.753054619,7
14.5627268,120.9951814,0,9.298469543,7
14.56272161,120.9953074,0,9.298469543,7
14.73533959,120.9492002,0,5.212557316,10
14.73513985,120.9494014,0,5.235510349,10
14.70823066,120.9437285,0,3.109065771,10
14.71087685,120.9440289,0,3.35215807,10
14.71123745,120.9416203,0,3.231952667,10
14.43296249,120.9851779,0,17.18009758,7
14.46478906,120.9842004,0,9.64993763,6
14.56681532,121.133025,0,14.08645916,14
14.67749104,120.9621929,0,4.976372242,9
14.67623521,120.9628902,0,5.717490196,9
14.67671263,120.9629439,0,5.533730507,9
14.65398715,120.9889908,0,24.53862762,9
14.6863504,121.0897453,0,89.5149231,14
14.56686205,121.1329231,0,14.08645916,14
14.56655592,121.1344121,0,14.87422466,15
14.72120554,121.1362759,0,19.22249222,21
14.63252409,121.1226183,0,20.36778069,15
14.63300818,121.0168341,0,15.48147774,8
14.71535897,120.9523292,0,4.638145447,10
14.71536935,120.9523399,0,4.638145447,10
14.72185927,121.1307708,0,16.04169655,20
14.64499803,120.9570323,0,5.576674938,9
14.63449554,121.0091986,0,12.5449791,8
14.63785157,120.9738413,0,7.251893997,8
14.7185091,121.1356728,0,18.17665291,21
14.69196007,120.9966771,0,20.37641144,10
14.65295922,121.096949,0,10.24278831,13
14.65176293,121.0977403,0,11.18431568,13
14.548539,121.0891794,0,6.667830467,11
14.61066001,120.9872903,0,8.624105453,8
14.68471453,121.0257286,0,35.59765625,10
14.57464229,121.0092495,0,8.035377502,7
14.57530424,121.0098799,0,8.035377502,8
14.57574554,121.0094051,0,7.891311169,8
14.7519308,120.9542645,0,7.123745918,11
14.75236137,120.952226,0,6.696405411,11
14.35745319,121.0572052,0,11.54575443,12
14.62353318,121.1178549,0,14.43037128,14
14.57479804,120.9834628,0,11.95474815,8
14.62154625,121.1104721,0,12.86056519,14
14.61172899,121.023315,0,11.49184036,8
14.40675203,120.9438237,0,20.75989914,7
14.42190457,120.946237,0,15.28436947,6
14.45863466,120.9591467,0,6.246780396,6
14.66451206,121.0389362,0,41.63942719,9
14.66473002,121.0402988,0,41.97595978,9
14.59210079,121.0839157,0,10.50982189,11
14.52805462,121.0227297,0,10.81763935,7
14.59237334,121.0840205,0,10.50982189,11
14.59180488,121.0842644,0,10.50982189,11
14.59466354,121.1155723,0,11.19016552,13
14.44946124,120.9439163,0,6.441751003,6
14.60159499,121.1200771,1,12.31499767,14
14.60146002,121.1193315,1,11.87614822,14
14.60084746,121.1164186,1,11.18343353,13
14.60078517,121.117234,1,11.3166399,14
14.59943805,121.114466,1,11.4847784,13
14.59826484,121.1138651,1,11.84970284,13
14.60143925,121.1178563,1,11.50854111,14
14.6013562,121.1160431,1,11.02888584,13
14.64548575,121.0835615,1,34.19744492,12
14.58245435,120.9848321,1,10.0827713,8
14.53430285,120.9983427,1,7.593818665,7
14.71080421,120.9440933,1,3.35215807,10
14.59866341,121.0253803,1,12.08530331,8
14.70754576,120.9460567,1,3.192002296,10
14.5790056,121.1149588,1,9.243414879,13
14.62132455,120.9923838,1,8.299221039,8
14.62073281,120.9929632,1,8.518931389,8
14.55944943,121.0031964,1,6.909056664,7
14.60017146,121.1156581,1,11.15548897,13
14.71021271,120.9431438,1,3.227699995,10
14.71101175,120.943573,1,3.35215807,10
14.71107401,120.9431116,1,3.29370904,10
14.71071124,120.9437409,1,3.35215807,10
14.71005229,120.9427431,1,3.227699995,10
14.44534697,120.9528695,1,8.766666412,6
14.67521809,120.9632765,1,5.95924902,9
14.68611429,121.0899438,1,89.5149231,14
14.66305765,121.0743763,1,73.97621918,11
14.5008613,120.9932555,1,6.352463245,6
14.71165513,120.9413092,1,3.178210974,10
14.53667887,121.0190075,1,11.99742699,7
14.59924223,121.0251282,1,12.18644047,8
14.56606787,121.0116206,1,10.09143066,7
14.56237114,121.0100971,1,11.7875843,7
14.56350301,121.0078011,1,7.753616333,7
14.61882522,121.0148554,1,10.3237648,8
14.59962768,120.9772669,1,13.34814167,8
14.583572,120.9842889,1,9.886427879,8
14.43171314,121.0121263,1,35.92549133,8
14.58293907,121.1260032,1,15.58375931,14
14.57480324,120.9834628,1,11.95474815,8
14.62439742,121.1123215,1,13.02971935,14
14.52983515,120.9970938,1,7.944549561,6
14.61157102,121.1156367,1,11.46667671,13
